ID,FirstName,LastName,Email,Department,Position,Salary,StartDate,Status
001,John,Anderson,john.anderson@company.com,Engineering,Senior Developer,125000,2023-01-15,Active
002,Sarah,Johnson,sarah.johnson@company.com,Engineering,Developer,85000,2023-06-20,Active
003,Michael,Brown,michael.brown@company.com,Security,Security Engineer,110000,2023-03-10,Active
004,Emily,Davis,emily.davis@company.com,Operations,Operations Manager,95000,2023-02-01,Active
005,Robert,Wilson,robert.wilson@company.com,Engineering,Lead Developer,135000,2022-11-05,Active
006,Jessica,Martinez,jessica.martinez@company.com,Marketing,Marketing Manager,90000,2024-01-01,Active
007,David,Taylor,david.taylor@company.com,Sales,Sales Executive,100000,2023-08-15,Active
008,Amanda,Thomas,amanda.thomas@company.com,HR,HR Manager,80000,2023-04-20,Active
009,James,Jackson,james.jackson@company.com,Finance,Finance Analyst,75000,2023-09-10,Active
010,Lisa,White,lisa.white@company.com,Engineering,DevOps Engineer,115000,2023-05-15,Active
011,Richard,Harris,richard.harris@company.com,Security,Security Officer,105000,2023-07-01,Active
012,Jennifer,Clark,jennifer.clark@company.com,Operations,Operations Specialist,70000,2024-02-01,Active