Month,Revenue,Expenses,Profit_Margin,Operations,R&D,Marketing,Administration
January 2026,450000,320000,28.9%,120000,80000,50000,70000
February 2026,475000,335000,29.5%,125000,85000,55000,70000
March 2026,520000,360000,30.8%,135000,90000,60000,75000
April 2026,580000,395000,31.9%,145000,100000,70000,80000
May 2026,625000,420000,32.8%,155000,110000,75000,80000
June 2026,710000,465000,34.5%,170000,125000,90000,80000
July 2026,795000,510000,35.8%,185000,135000,100000,90000
August 2026,850000,540000,36.5%,200000,145000,105000,90000
September 2026,920000,575000,37.5%,215000,160000,115000,85000
October 2026,1050000,625000,40.5%,235000,180000,130000,80000
November 2026,1150000,680000,40.9%,250000,200000,140000,90000
December 2026,1350000,750000,44.4%,280000,220000,160000,90000

SUMMARY STATISTICS:
Total Revenue (2026): $9,375,000
Total Expenses (2026): $5,975,000
Average Monthly Revenue: $781,250
Average Monthly Expenses: $497,917
Overall Profit Margin: 36.3%

YEAR-OVER-YEAR GROWTH:
Q1 2026: $1,445,000
Q2 2026: $1,915,000 (+32.5%)
Q3 2026: $2,565,000 (+33.9%)
Q4 2026: $3,450,000 (+34.6%)

DEPARTMENT ALLOCATION ANALYSIS:
Operations: 28.1% of total expenses
R&D: 25.8% of total expenses
Marketing: 20.1% of total expenses
Administration: 15.0% of total expenses
Other: 11.0% of total expenses